scenario,duration(s),folder
1,42,20-05-22_21-41-16
2,41,20-05-22_21-41-16
3,129,20-05-22_21-41-16
4,41,20-05-22_21-41-16
5,40,20-05-22_21-41-16
6,41,20-05-22_21-41-16
7,41,20-05-22_21-41-16
8,41,20-05-22_21-41-16
9,40,20-05-22_21-41-16
10,42,20-05-22_21-41-16
11,69,20-05-22_21-41-16
12,77,20-05-22_21-41-16
13,103,20-05-22_21-41-16
14,76,20-05-22_21-41-16
15,41,20-05-22_21-41-16
16,40,20-05-22_21-41-16
17,73,20-05-22_21-41-16
18,125,20-05-22_21-41-16
19,96,20-05-22_21-41-16
20,41,20-05-22_21-41-16
21,41,20-05-22_21-41-16
22,40,20-05-22_21-41-16
23,80,20-05-22_21-41-16
24,162,20-05-22_21-41-16
25,40,20-05-22_21-41-16
26,94,20-05-22_21-41-16
27,42,20-05-22_21-41-16
28,40,20-05-22_21-41-16
29,73,20-05-22_21-41-16
30,49,20-05-22_21-41-16
31,40,20-05-22_21-41-16
32,42,20-05-22_21-41-16
33,40,20-05-22_21-41-16
34,106,20-05-22_21-41-16
35,42,20-05-22_21-41-16
36,87,20-05-22_21-41-16
37,41,20-05-22_21-41-16
38,40,20-05-22_21-41-16
39,41,20-05-22_21-41-16
40,40,20-05-22_21-41-16
41,41,20-05-22_21-41-16
42,40,20-05-22_21-41-16
43,76,20-05-22_21-41-16
44,50,20-05-22_21-41-16
45,40,20-05-22_21-41-16
46,125,20-05-22_21-41-16
47,41,20-05-22_21-41-16
48,46,20-05-22_21-41-16
49,46,20-05-22_21-41-16
50,80,20-05-22_21-41-16
51,41,20-05-22_21-41-16
52,41,20-05-22_21-41-16
1,40,31-07-22_18-21-03
2,41,31-07-22_18-21-03
3,40,31-07-22_18-21-03
4,79,31-07-22_18-21-03
5,74,31-07-22_18-21-03
6,41,31-07-22_18-21-03
7,40,31-07-22_18-21-03
8,40,31-07-22_18-21-03
1,40,30-07-22_15-27-36
1,40,28-07-22_11-24-22
1,40,17-05-22_12-02-36
2,61,17-05-22_12-02-36
3,41,17-05-22_12-02-36
4,121,17-05-22_12-02-36
5,40,17-05-22_12-02-36
6,40,17-05-22_12-02-36
7,50,17-05-22_12-02-36
8,40,17-05-22_12-02-36
9,40,17-05-22_12-02-36
10,40,17-05-22_12-02-36
11,40,17-05-22_12-02-36
12,40,17-05-22_12-02-36
1,41,29-07-22_19-31-35
2,79,29-07-22_19-31-35
3,53,29-07-22_19-31-35
4,41,29-07-22_19-31-35
5,94,29-07-22_19-31-35
6,48,29-07-22_19-31-35
1,40,02-08-22_18-00-46
2,47,02-08-22_18-00-46
3,41,02-08-22_18-00-46
4,40,02-08-22_18-00-46
5,53,02-08-22_18-00-46
6,40,02-08-22_18-00-46
7,76,02-08-22_18-00-46
8,40,02-08-22_18-00-46
1,40,28-07-22_19-45-39
2,40,28-07-22_19-45-39
3,40,28-07-22_19-45-39
4,40,28-07-22_19-45-39
5,40,28-07-22_19-45-39
6,41,28-07-22_19-45-39
7,83,28-07-22_19-45-39
8,40,28-07-22_19-45-39
9,40,28-07-22_19-45-39
1,45,20-07-22_21-25-03
2,40,20-07-22_21-25-03
1,40,21-07-22_17-04-29
2,43,21-07-22_17-04-29
3,48,21-07-22_17-04-29
4,40,21-07-22_17-04-29
5,40,21-07-22_17-04-29
6,87,21-07-22_17-04-29
7,99,21-07-22_17-04-29
8,57,21-07-22_17-04-29
9,40,21-07-22_17-04-29
10,42,21-07-22_17-04-29
11,40,21-07-22_17-04-29
12,69,21-07-22_17-04-29
13,72,21-07-22_17-04-29
14,40,21-07-22_17-04-29
15,60,21-07-22_17-04-29
16,79,21-07-22_17-04-29
17,66,21-07-22_17-04-29
18,40,21-07-22_17-04-29
19,41,21-07-22_17-04-29
20,41,21-07-22_17-04-29
1,40,18-08-22_17-39-36
2,40,18-08-22_17-39-36
1,40,19-05-22_17-17-32
2,53,19-05-22_17-17-32
3,78,19-05-22_17-17-32
4,41,19-05-22_17-17-32
5,63,19-05-22_17-17-32
6,40,19-05-22_17-17-32
7,132,19-05-22_17-17-32
8,40,19-05-22_17-17-32
9,192,19-05-22_17-17-32
10,40,19-05-22_17-17-32
11,48,19-05-22_17-17-32
12,40,19-05-22_17-17-32
13,40,19-05-22_17-17-32
14,48,19-05-22_17-17-32
15,64,19-05-22_17-17-32
16,99,19-05-22_17-17-32
17,43,19-05-22_17-17-32
18,52,19-05-22_17-17-32
19,102,19-05-22_17-17-32
20,40,19-05-22_17-17-32
21,80,19-05-22_17-17-32
22,63,19-05-22_17-17-32
23,47,19-05-22_17-17-32
24,61,19-05-22_17-17-32
25,120,19-05-22_17-17-32
26,41,19-05-22_17-17-32
27,45,19-05-22_17-17-32
28,48,19-05-22_17-17-32
29,79,19-05-22_17-17-32
30,40,19-05-22_17-17-32
31,44,19-05-22_17-17-32
32,94,19-05-22_17-17-32
33,40,19-05-22_17-17-32
34,78,19-05-22_17-17-32
35,74,19-05-22_17-17-32
36,40,19-05-22_17-17-32
37,41,19-05-22_17-17-32
38,43,19-05-22_17-17-32
39,50,19-05-22_17-17-32
40,40,19-05-22_17-17-32
41,40,19-05-22_17-17-32
1,40,28-06-22_12-41-55
2,49,28-06-22_12-41-55
3,40,28-06-22_12-41-55
4,40,28-06-22_12-41-55
5,40,28-06-22_12-41-55
6,43,28-06-22_12-41-55
1,46,15-05-22_19-01-19
2,42,15-05-22_19-01-19
3,86,15-05-22_19-01-19
4,63,15-05-22_19-01-19
5,40,15-05-22_19-01-19
6,66,15-05-22_19-01-19
7,72,15-05-22_19-01-19
1,87,14-05-22_20-52-14
2,41,14-05-22_20-52-14
3,95,14-05-22_20-52-14
4,41,14-05-22_20-52-14
5,42,14-05-22_20-52-14
6,171,14-05-22_20-52-14
7,47,14-05-22_20-52-14
8,43,14-05-22_20-52-14
9,269,14-05-22_20-52-14
10,41,14-05-22_20-52-14
11,89,14-05-22_20-52-14
12,80,14-05-22_20-52-14
13,151,14-05-22_20-52-14
14,64,14-05-22_20-52-14
1,40,17-05-22_17-24-35
2,41,17-05-22_17-24-35
3,108,17-05-22_17-24-35
4,40,17-05-22_17-24-35
5,40,17-05-22_17-24-35
6,40,17-05-22_17-24-35
7,113,17-05-22_17-24-35
8,40,17-05-22_17-24-35
9,40,17-05-22_17-24-35
10,40,17-05-22_17-24-35
11,40,17-05-22_17-24-35
12,40,17-05-22_17-24-35
13,40,17-05-22_17-24-35
14,42,17-05-22_17-24-35
15,40,17-05-22_17-24-35
16,41,17-05-22_17-24-35
17,73,17-05-22_17-24-35
18,41,17-05-22_17-24-35
19,40,17-05-22_17-24-35
1,61,29-07-22_18-01-04
2,40,29-07-22_18-01-04
3,40,29-07-22_18-01-04
4,68,29-07-22_18-01-04
5,40,29-07-22_18-01-04
6,41,29-07-22_18-01-04
7,40,29-07-22_18-01-04
1,40,31-07-22_15-41-45
2,40,31-07-22_15-41-45
3,40,31-07-22_15-41-45
4,40,31-07-22_15-41-45
5,40,31-07-22_15-41-45
6,75,31-07-22_15-41-45
1,40,21-05-22_15-31-56
2,66,21-05-22_15-31-56
3,41,21-05-22_15-31-56
4,65,21-05-22_15-31-56
5,41,21-05-22_15-31-56
6,161,21-05-22_15-31-56
7,40,21-05-22_15-31-56
8,41,21-05-22_15-31-56
9,40,21-05-22_15-31-56
10,72,21-05-22_15-31-56
11,168,21-05-22_15-31-56
12,40,21-05-22_15-31-56
13,52,21-05-22_15-31-56
14,74,21-05-22_15-31-56
15,154,21-05-22_15-31-56
16,43,21-05-22_15-31-56
17,40,21-05-22_15-31-56
18,214,21-05-22_15-31-56
19,41,21-05-22_15-31-56
20,44,21-05-22_15-31-56
21,40,21-05-22_15-31-56
22,40,21-05-22_15-31-56
23,85,21-05-22_15-31-56
24,84,21-05-22_15-31-56
25,119,21-05-22_15-31-56
26,40,21-05-22_15-31-56
27,119,21-05-22_15-31-56
28,58,21-05-22_15-31-56
29,155,21-05-22_15-31-56
30,105,21-05-22_15-31-56
31,78,21-05-22_15-31-56
32,100,21-05-22_15-31-56
33,82,21-05-22_15-31-56
34,107,21-05-22_15-31-56
35,40,21-05-22_15-31-56
36,79,21-05-22_15-31-56
37,53,21-05-22_15-31-56
38,41,21-05-22_15-31-56
39,100,21-05-22_15-31-56
40,80,21-05-22_15-31-56
41,51,21-05-22_15-31-56
42,92,21-05-22_15-31-56
43,227,21-05-22_15-31-56
44,57,21-05-22_15-31-56
45,40,21-05-22_15-31-56
46,68,21-05-22_15-31-56
47,41,21-05-22_15-31-56
48,43,21-05-22_15-31-56
49,108,21-05-22_15-31-56
50,40,21-05-22_15-31-56
51,54,21-05-22_15-31-56
52,40,21-05-22_15-31-56
53,102,21-05-22_15-31-56
54,98,21-05-22_15-31-56
55,40,21-05-22_15-31-56
56,70,21-05-22_15-31-56
57,40,21-05-22_15-31-56
58,96,21-05-22_15-31-56
59,66,21-05-22_15-31-56
60,87,21-05-22_15-31-56
61,85,21-05-22_15-31-56
62,40,21-05-22_15-31-56
63,42,21-05-22_15-31-56
64,45,21-05-22_15-31-56
65,40,21-05-22_15-31-56
66,66,21-05-22_15-31-56
67,100,21-05-22_15-31-56
68,41,21-05-22_15-31-56
69,174,21-05-22_15-31-56
70,255,21-05-22_15-31-56
71,40,21-05-22_15-31-56
72,123,21-05-22_15-31-56
73,117,21-05-22_15-31-56
74,44,21-05-22_15-31-56
75,43,21-05-22_15-31-56
76,40,21-05-22_15-31-56
77,43,21-05-22_15-31-56
1,40,28-06-22_13-57-07
2,55,28-06-22_13-57-07
3,73,28-06-22_13-57-07
4,60,28-06-22_13-57-07
5,40,28-06-22_13-57-07
6,42,28-06-22_13-57-07
7,64,28-06-22_13-57-07
8,120,28-06-22_13-57-07
9,41,28-06-22_13-57-07
10,48,28-06-22_13-57-07
11,50,28-06-22_13-57-07
12,44,28-06-22_13-57-07
13,41,28-06-22_13-57-07
14,43,28-06-22_13-57-07
15,41,28-06-22_13-57-07
16,40,28-06-22_13-57-07
17,129,28-06-22_13-57-07
18,47,28-06-22_13-57-07
19,55,28-06-22_13-57-07
20,41,28-06-22_13-57-07
1,129,05-08-22_12-24-16
2,90,05-08-22_12-24-16
3,68,05-08-22_12-24-16
4,46,05-08-22_12-24-16
5,42,05-08-22_12-24-16
6,41,05-08-22_12-24-16
7,41,05-08-22_12-24-16
8,45,05-08-22_12-24-16
9,67,05-08-22_12-24-16
10,43,05-08-22_12-24-16
11,49,05-08-22_12-24-16
12,89,05-08-22_12-24-16
13,100,05-08-22_12-24-16
14,42,05-08-22_12-24-16
15,44,05-08-22_12-24-16
16,152,05-08-22_12-24-16
17,137,05-08-22_12-24-16
18,42,05-08-22_12-24-16
19,71,05-08-22_12-24-16
20,85,05-08-22_12-24-16
21,54,05-08-22_12-24-16
22,113,05-08-22_12-24-16
23,41,05-08-22_12-24-16
24,115,05-08-22_12-24-16
25,81,05-08-22_12-24-16
26,129,05-08-22_12-24-16
27,41,05-08-22_12-24-16
28,118,05-08-22_12-24-16
1,80,28-06-22_15-07-47
2,40,28-06-22_15-07-47
3,40,28-06-22_15-07-47
4,40,28-06-22_15-07-47
5,52,28-06-22_15-07-47
6,40,28-06-22_15-07-47
7,45,28-06-22_15-07-47
8,97,28-06-22_15-07-47
9,58,28-06-22_15-07-47
10,103,28-06-22_15-07-47
11,40,28-06-22_15-07-47
12,41,28-06-22_15-07-47
13,40,28-06-22_15-07-47
14,42,28-06-22_15-07-47
15,40,28-06-22_15-07-47
16,40,28-06-22_15-07-47
17,41,28-06-22_15-07-47
18,41,28-06-22_15-07-47
19,40,28-06-22_15-07-47
1,67,21-05-22_00-09-27
2,63,21-05-22_00-09-27
3,41,21-05-22_00-09-27
4,44,21-05-22_00-09-27
5,107,21-05-22_00-09-27
6,75,21-05-22_00-09-27
7,60,21-05-22_00-09-27
8,40,21-05-22_00-09-27
9,46,21-05-22_00-09-27
10,46,21-05-22_00-09-27
11,50,21-05-22_00-09-27
12,40,21-05-22_00-09-27
13,96,21-05-22_00-09-27
14,41,21-05-22_00-09-27
15,41,21-05-22_00-09-27
16,43,21-05-22_00-09-27
17,40,21-05-22_00-09-27
18,41,21-05-22_00-09-27
19,60,21-05-22_00-09-27
20,44,21-05-22_00-09-27
21,53,21-05-22_00-09-27
22,41,21-05-22_00-09-27
23,62,21-05-22_00-09-27
24,44,21-05-22_00-09-27
25,40,21-05-22_00-09-27
26,193,21-05-22_00-09-27
27,40,21-05-22_00-09-27
28,40,21-05-22_00-09-27
29,86,21-05-22_00-09-27
30,79,21-05-22_00-09-27
31,41,21-05-22_00-09-27
32,41,21-05-22_00-09-27
33,40,21-05-22_00-09-27
34,99,21-05-22_00-09-27
35,137,21-05-22_00-09-27
36,42,21-05-22_00-09-27
37,86,21-05-22_00-09-27
38,50,21-05-22_00-09-27
39,40,21-05-22_00-09-27
40,40,21-05-22_00-09-27
41,40,21-05-22_00-09-27
42,49,21-05-22_00-09-27
43,41,21-05-22_00-09-27
44,42,21-05-22_00-09-27
45,95,21-05-22_00-09-27
46,42,21-05-22_00-09-27
47,44,21-05-22_00-09-27
48,238,21-05-22_00-09-27
49,44,21-05-22_00-09-27
50,121,21-05-22_00-09-27
51,41,21-05-22_00-09-27
1,49,04-08-22_13-12-32
2,77,04-08-22_13-12-32
3,114,04-08-22_13-12-32
4,60,04-08-22_13-12-32
5,134,04-08-22_13-12-32
6,120,04-08-22_13-12-32
7,133,04-08-22_13-12-32
8,62,04-08-22_13-12-32
9,169,04-08-22_13-12-32
1,40,21-05-22_12-29-03
2,58,21-05-22_12-29-03
3,41,21-05-22_12-29-03
4,98,21-05-22_12-29-03
5,280,21-05-22_12-29-03
6,73,21-05-22_12-29-03
7,40,21-05-22_12-29-03
8,48,21-05-22_12-29-03
9,97,21-05-22_12-29-03
10,70,21-05-22_12-29-03
11,71,21-05-22_12-29-03
12,40,21-05-22_12-29-03
13,94,21-05-22_12-29-03
14,44,21-05-22_12-29-03
15,67,21-05-22_12-29-03
16,41,21-05-22_12-29-03
17,113,21-05-22_12-29-03
18,97,21-05-22_12-29-03
19,267,21-05-22_12-29-03
20,118,21-05-22_12-29-03
21,76,21-05-22_12-29-03
22,75,21-05-22_12-29-03
23,48,21-05-22_12-29-03
24,40,21-05-22_12-29-03
25,134,21-05-22_12-29-03
26,91,21-05-22_12-29-03
27,175,21-05-22_12-29-03
28,75,21-05-22_12-29-03
29,40,21-05-22_12-29-03
30,221,21-05-22_12-29-03
31,247,21-05-22_12-29-03
32,64,21-05-22_12-29-03
33,40,21-05-22_12-29-03
34,94,21-05-22_12-29-03
35,99,21-05-22_12-29-03
1,40,30-07-22_18-59-13
2,40,30-07-22_18-59-13
3,89,30-07-22_18-59-13
4,41,30-07-22_18-59-13
5,40,30-07-22_18-59-13
6,58,30-07-22_18-59-13
7,50,30-07-22_18-59-13
8,40,30-07-22_18-59-13
9,100,30-07-22_18-59-13
1,40,22-06-22_20-24-38
2,40,22-06-22_20-24-38
3,41,22-06-22_20-24-38
4,97,22-06-22_20-24-38
5,56,22-06-22_20-24-38
6,55,22-06-22_20-24-38
7,56,22-06-22_20-24-38
8,88,22-06-22_20-24-38
9,54,22-06-22_20-24-38
10,40,22-06-22_20-24-38
11,55,22-06-22_20-24-38
12,52,22-06-22_20-24-38
13,41,22-06-22_20-24-38
14,95,22-06-22_20-24-38
15,41,22-06-22_20-24-38
16,40,22-06-22_20-24-38
17,45,22-06-22_20-24-38
18,66,22-06-22_20-24-38
19,41,22-06-22_20-24-38
20,40,22-06-22_20-24-38
21,171,22-06-22_20-24-38
22,40,22-06-22_20-24-38
23,202,22-06-22_20-24-38
24,176,22-06-22_20-24-38
25,41,22-06-22_20-24-38
26,82,22-06-22_20-24-38
27,53,22-06-22_20-24-38
28,60,22-06-22_20-24-38
29,91,22-06-22_20-24-38
30,83,22-06-22_20-24-38
31,40,22-06-22_20-24-38
32,41,22-06-22_20-24-38
33,40,22-06-22_20-24-38
34,69,22-06-22_20-24-38
35,40,22-06-22_20-24-38
36,78,22-06-22_20-24-38
37,40,22-06-22_20-24-38
38,40,22-06-22_20-24-38
1,84,31-07-22_16-43-21
2,40,31-07-22_16-43-21
3,41,31-07-22_16-43-21
4,60,31-07-22_16-43-21
1,148,06-08-22_11-40-28
2,126,06-08-22_11-40-28
3,161,06-08-22_11-40-28
4,100,06-08-22_11-40-28
5,41,06-08-22_11-40-28
6,88,06-08-22_11-40-28
7,63,06-08-22_11-40-28
8,56,06-08-22_11-40-28
9,216,06-08-22_11-40-28
10,66,06-08-22_11-40-28
11,124,06-08-22_11-40-28
12,105,06-08-22_11-40-28
13,87,06-08-22_11-40-28
14,43,06-08-22_11-40-28
15,212,06-08-22_11-40-28
16,94,06-08-22_11-40-28
17,203,06-08-22_11-40-28
18,68,06-08-22_11-40-28
19,90,06-08-22_11-40-28
20,134,06-08-22_11-40-28
21,107,06-08-22_11-40-28
22,46,06-08-22_11-40-28
23,63,06-08-22_11-40-28
24,40,06-08-22_11-40-28
25,40,06-08-22_11-40-28
26,42,06-08-22_11-40-28
27,43,06-08-22_11-40-28
28,64,06-08-22_11-40-28
29,52,06-08-22_11-40-28
30,68,06-08-22_11-40-28
31,78,06-08-22_11-40-28
32,96,06-08-22_11-40-28
33,45,06-08-22_11-40-28
34,192,06-08-22_11-40-28
35,75,06-08-22_11-40-28
36,182,06-08-22_11-40-28
37,42,06-08-22_11-40-28
38,41,06-08-22_11-40-28
39,63,06-08-22_11-40-28
40,78,06-08-22_11-40-28
1,40,20-06-22_22-31-04
2,41,20-06-22_22-31-04
3,70,20-06-22_22-31-04
4,40,20-06-22_22-31-04
5,90,20-06-22_22-31-04
6,43,20-06-22_22-31-04
7,41,20-06-22_22-31-04
8,79,20-06-22_22-31-04
9,40,20-06-22_22-31-04
10,41,20-06-22_22-31-04
11,42,20-06-22_22-31-04
1,78,20-08-22_16-45-39
2,43,20-08-22_16-45-39
3,91,20-08-22_16-45-39
4,40,20-08-22_16-45-39
5,43,20-08-22_16-45-39
6,41,20-08-22_16-45-39
7,40,20-08-22_16-45-39
8,41,20-08-22_16-45-39
9,76,20-08-22_16-45-39
10,64,20-08-22_16-45-39
11,99,20-08-22_16-45-39
12,40,20-08-22_16-45-39
13,78,20-08-22_16-45-39
14,83,20-08-22_16-45-39
15,42,20-08-22_16-45-39
16,40,20-08-22_16-45-39
17,41,20-08-22_16-45-39
18,101,20-08-22_16-45-39
19,43,20-08-22_16-45-39
20,101,20-08-22_16-45-39
21,70,20-08-22_16-45-39
22,40,20-08-22_16-45-39
1,40,18-05-22_08-49-34
2,40,18-05-22_08-49-34
3,40,18-05-22_08-49-34
4,41,18-05-22_08-49-34
5,40,18-05-22_08-49-34
6,40,18-05-22_08-49-34
7,40,18-05-22_08-49-34
8,40,18-05-22_08-49-34
9,40,18-05-22_08-49-34
10,64,18-05-22_08-49-34
11,40,18-05-22_08-49-34
12,90,18-05-22_08-49-34
13,52,18-05-22_08-49-34
14,40,18-05-22_08-49-34
15,52,18-05-22_08-49-34
16,176,18-05-22_08-49-34
17,40,18-05-22_08-49-34
18,52,18-05-22_08-49-34
19,74,18-05-22_08-49-34
20,41,18-05-22_08-49-34
21,41,18-05-22_08-49-34
22,40,18-05-22_08-49-34
23,65,18-05-22_08-49-34
24,62,18-05-22_08-49-34
25,74,18-05-22_08-49-34
26,40,18-05-22_08-49-34
27,53,18-05-22_08-49-34
28,42,18-05-22_08-49-34
29,46,18-05-22_08-49-34
30,40,18-05-22_08-49-34
31,57,18-05-22_08-49-34
32,40,18-05-22_08-49-34
1,40,21-06-22_19-37-39
2,41,21-06-22_19-37-39
3,42,21-06-22_19-37-39
4,40,21-06-22_19-37-39
5,40,21-06-22_19-37-39
6,90,21-06-22_19-37-39
7,40,21-06-22_19-37-39
8,52,21-06-22_19-37-39
9,81,21-06-22_19-37-39
10,49,21-06-22_19-37-39
11,40,21-06-22_19-37-39
12,40,21-06-22_19-37-39
13,40,21-06-22_19-37-39
14,40,21-06-22_19-37-39
15,91,21-06-22_19-37-39
16,40,21-06-22_19-37-39
17,81,21-06-22_19-37-39
18,68,21-06-22_19-37-39
19,42,21-06-22_19-37-39
20,62,21-06-22_19-37-39
21,40,21-06-22_19-37-39
22,40,21-06-22_19-37-39
23,64,21-06-22_19-37-39
24,72,21-06-22_19-37-39
25,61,21-06-22_19-37-39
26,40,21-06-22_19-37-39
27,40,21-06-22_19-37-39
1,50,20-06-22_22-18-30
1,46,29-07-22_11-38-12
2,56,29-07-22_11-38-12
3,40,29-07-22_11-38-12
4,40,29-07-22_11-38-12
5,40,29-07-22_11-38-12
6,40,29-07-22_11-38-12
7,40,29-07-22_11-38-12
8,40,29-07-22_11-38-12
9,40,29-07-22_11-38-12
10,40,29-07-22_11-38-12
1,41,29-06-22_15-17-14
2,40,29-06-22_15-17-14
3,51,29-06-22_15-17-14
4,105,29-06-22_15-17-14
5,41,29-06-22_15-17-14
6,40,29-06-22_15-17-14
7,40,29-06-22_15-17-14
8,79,29-06-22_15-17-14
9,57,29-06-22_15-17-14
10,68,29-06-22_15-17-14
11,40,29-06-22_15-17-14
12,48,29-06-22_15-17-14
13,40,29-06-22_15-17-14
14,40,29-06-22_15-17-14
15,174,29-06-22_15-17-14
16,63,29-06-22_15-17-14
17,40,29-06-22_15-17-14
18,41,29-06-22_15-17-14
19,40,29-06-22_15-17-14
20,40,29-06-22_15-17-14
21,40,29-06-22_15-17-14
22,42,29-06-22_15-17-14
23,40,29-06-22_15-17-14
24,111,29-06-22_15-17-14
25,40,29-06-22_15-17-14
26,41,29-06-22_15-17-14
27,46,29-06-22_15-17-14
28,40,29-06-22_15-17-14
29,41,29-06-22_15-17-14
30,40,29-06-22_15-17-14
31,41,29-06-22_15-17-14
32,49,29-06-22_15-17-14
33,79,29-06-22_15-17-14
34,40,29-06-22_15-17-14
35,40,29-06-22_15-17-14
36,73,29-06-22_15-17-14
37,41,29-06-22_15-17-14
38,77,29-06-22_15-17-14
39,40,29-06-22_15-17-14
40,98,29-06-22_15-17-14
41,41,29-06-22_15-17-14
42,40,29-06-22_15-17-14
43,41,29-06-22_15-17-14
44,75,29-06-22_15-17-14
45,40,29-06-22_15-17-14
46,40,29-06-22_15-17-14
47,40,29-06-22_15-17-14
48,46,29-06-22_15-17-14
49,75,29-06-22_15-17-14
50,116,29-06-22_15-17-14
1,40,20-07-22_18-08-23
2,55,20-07-22_18-08-23
3,42,20-07-22_18-08-23
4,40,20-07-22_18-08-23
5,109,20-07-22_18-08-23
6,40,20-07-22_18-08-23
7,40,20-07-22_18-08-23
8,40,20-07-22_18-08-23
9,40,20-07-22_18-08-23
10,40,20-07-22_18-08-23
11,76,20-07-22_18-08-23
12,40,20-07-22_18-08-23
13,43,20-07-22_18-08-23
14,40,20-07-22_18-08-23
15,40,20-07-22_18-08-23
16,40,20-07-22_18-08-23
17,40,20-07-22_18-08-23
18,40,20-07-22_18-08-23
19,40,20-07-22_18-08-23
20,67,20-07-22_18-08-23
21,47,20-07-22_18-08-23
22,40,20-07-22_18-08-23
23,42,20-07-22_18-08-23
24,40,20-07-22_18-08-23
25,41,20-07-22_18-08-23
26,41,20-07-22_18-08-23
1,116,15-05-22_17-56-47
2,52,15-05-22_17-56-47
3,41,15-05-22_17-56-47
4,44,15-05-22_17-56-47
5,43,15-05-22_17-56-47
6,44,15-05-22_17-56-47
7,41,15-05-22_17-56-47
8,40,15-05-22_17-56-47
9,41,15-05-22_17-56-47
10,118,15-05-22_17-56-47
11,101,15-05-22_17-56-47
12,47,15-05-22_17-56-47
13,40,15-05-22_17-56-47
14,41,15-05-22_17-56-47
15,108,15-05-22_17-56-47
16,40,15-05-22_17-56-47
17,40,15-05-22_17-56-47
18,170,15-05-22_17-56-47
19,41,15-05-22_17-56-47
20,99,15-05-22_17-56-47
21,40,15-05-22_17-56-47
22,41,15-05-22_17-56-47
23,55,15-05-22_17-56-47
24,41,15-05-22_17-56-47
25,43,15-05-22_17-56-47
26,41,15-05-22_17-56-47
27,106,15-05-22_17-56-47
28,65,15-05-22_17-56-47
29,41,15-05-22_17-56-47
30,41,15-05-22_17-56-47
31,41,15-05-22_17-56-47
32,40,15-05-22_17-56-47
1,40,19-08-22_19-39-41
1,40,30-07-22_19-40-32
2,83,30-07-22_19-40-32
3,40,30-07-22_19-40-32
4,61,30-07-22_19-40-32
5,83,30-07-22_19-40-32
6,40,30-07-22_19-40-32
7,40,30-07-22_19-40-32
8,40,30-07-22_19-40-32
9,41,30-07-22_19-40-32
10,41,30-07-22_19-40-32
11,50,30-07-22_19-40-32
12,55,30-07-22_19-40-32
13,40,30-07-22_19-40-32
14,40,30-07-22_19-40-32
15,41,30-07-22_19-40-32
16,40,30-07-22_19-40-32
1,182,21-05-22_13-56-29
2,51,21-05-22_13-56-29
3,41,21-05-22_13-56-29
4,75,21-05-22_13-56-29
5,81,21-05-22_13-56-29
6,43,21-05-22_13-56-29
7,171,21-05-22_13-56-29
8,50,21-05-22_13-56-29
9,40,21-05-22_13-56-29
10,75,21-05-22_13-56-29
11,103,21-05-22_13-56-29
12,40,21-05-22_13-56-29
13,58,21-05-22_13-56-29
14,40,21-05-22_13-56-29
15,148,21-05-22_13-56-29
16,59,21-05-22_13-56-29
17,40,21-05-22_13-56-29
18,54,21-05-22_13-56-29
19,111,21-05-22_13-56-29
20,40,21-05-22_13-56-29
21,41,21-05-22_13-56-29
22,53,21-05-22_13-56-29
23,63,21-05-22_13-56-29
24,42,21-05-22_13-56-29
25,41,21-05-22_13-56-29
26,40,21-05-22_13-56-29
27,158,21-05-22_13-56-29
28,60,21-05-22_13-56-29
29,40,21-05-22_13-56-29
30,137,21-05-22_13-56-29
31,41,21-05-22_13-56-29
32,115,21-05-22_13-56-29
33,41,21-05-22_13-56-29
34,41,21-05-22_13-56-29
35,55,21-05-22_13-56-29
36,99,21-05-22_13-56-29
37,47,21-05-22_13-56-29
38,145,21-05-22_13-56-29
39,125,21-05-22_13-56-29
40,42,21-05-22_13-56-29
41,40,21-05-22_13-56-29
42,40,21-05-22_13-56-29
1,40,20-05-22_17-10-08
2,40,20-05-22_17-10-08
3,71,20-05-22_17-10-08
4,40,20-05-22_17-10-08
5,40,20-05-22_17-10-08
6,112,20-05-22_17-10-08
7,42,20-05-22_17-10-08
8,86,20-05-22_17-10-08
9,58,20-05-22_17-10-08
10,105,20-05-22_17-10-08
11,88,20-05-22_17-10-08
12,76,20-05-22_17-10-08
13,113,20-05-22_17-10-08
14,71,20-05-22_17-10-08
1,40,24-06-22_23-17-11
1,42,30-07-22_20-43-29
1,40,29-06-22_17-18-58
2,91,29-06-22_17-18-58
3,63,29-06-22_17-18-58
4,40,29-06-22_17-18-58
5,71,29-06-22_17-18-58
6,67,29-06-22_17-18-58
7,41,29-06-22_17-18-58
8,61,29-06-22_17-18-58
9,40,29-06-22_17-18-58
10,42,29-06-22_17-18-58
11,51,29-06-22_17-18-58
12,40,29-06-22_17-18-58
13,41,29-06-22_17-18-58
14,73,29-06-22_17-18-58
15,41,29-06-22_17-18-58
16,44,29-06-22_17-18-58
17,40,29-06-22_17-18-58
18,99,29-06-22_17-18-58
19,53,29-06-22_17-18-58
20,40,29-06-22_17-18-58
21,40,29-06-22_17-18-58
22,49,29-06-22_17-18-58
23,40,29-06-22_17-18-58
24,93,29-06-22_17-18-58
1,40,21-07-22_18-27-27
2,40,21-07-22_18-27-27
3,40,21-07-22_18-27-27
4,40,21-07-22_18-27-27
5,41,21-07-22_18-27-27
6,41,21-07-22_18-27-27
7,64,21-07-22_18-27-27
8,99,21-07-22_18-27-27
9,40,21-07-22_18-27-27
10,72,21-07-22_18-27-27
11,67,21-07-22_18-27-27
12,54,21-07-22_18-27-27
13,75,21-07-22_18-27-27
14,126,21-07-22_18-27-27
15,40,21-07-22_18-27-27
1,40,30-07-22_16-05-44
2,40,30-07-22_16-05-44
3,47,30-07-22_16-05-44
4,50,30-07-22_16-05-44
5,40,30-07-22_16-05-44
6,79,30-07-22_16-05-44
7,41,30-07-22_16-05-44
1,40,17-05-22_13-46-30
2,40,17-05-22_13-46-30
3,40,17-05-22_13-46-30
4,40,17-05-22_13-46-30
5,40,17-05-22_13-46-30
6,40,17-05-22_13-46-30
7,40,17-05-22_13-46-30
8,40,17-05-22_13-46-30
9,40,17-05-22_13-46-30
10,40,17-05-22_13-46-30
11,64,17-05-22_13-46-30
12,41,17-05-22_13-46-30
1,127,06-08-22_14-56-07
2,47,06-08-22_14-56-07
3,40,06-08-22_14-56-07
4,64,06-08-22_14-56-07
5,41,06-08-22_14-56-07
6,131,06-08-22_14-56-07
7,148,06-08-22_14-56-07
8,97,06-08-22_14-56-07
9,77,06-08-22_14-56-07
10,42,06-08-22_14-56-07
11,40,06-08-22_14-56-07
12,41,06-08-22_14-56-07
13,67,06-08-22_14-56-07
14,90,06-08-22_14-56-07
15,153,06-08-22_14-56-07
16,67,06-08-22_14-56-07
17,70,06-08-22_14-56-07
18,42,06-08-22_14-56-07
19,102,06-08-22_14-56-07
20,73,06-08-22_14-56-07
21,96,06-08-22_14-56-07
22,40,06-08-22_14-56-07
23,108,06-08-22_14-56-07
24,44,06-08-22_14-56-07
25,138,06-08-22_14-56-07
26,106,06-08-22_14-56-07
27,146,06-08-22_14-56-07
28,73,06-08-22_14-56-07
29,40,06-08-22_14-56-07
30,93,06-08-22_14-56-07
31,143,06-08-22_14-56-07
32,86,06-08-22_14-56-07
33,40,06-08-22_14-56-07
34,40,06-08-22_14-56-07
35,129,06-08-22_14-56-07
36,79,06-08-22_14-56-07
37,60,06-08-22_14-56-07
38,81,06-08-22_14-56-07
39,219,06-08-22_14-56-07
40,58,06-08-22_14-56-07
41,69,06-08-22_14-56-07
42,51,06-08-22_14-56-07
43,151,06-08-22_14-56-07
44,60,06-08-22_14-56-07
45,76,06-08-22_14-56-07
46,41,06-08-22_14-56-07
47,70,06-08-22_14-56-07
48,123,06-08-22_14-56-07
49,83,06-08-22_14-56-07
50,41,06-08-22_14-56-07
51,169,06-08-22_14-56-07
52,260,06-08-22_14-56-07
53,51,06-08-22_14-56-07
54,74,06-08-22_14-56-07
55,40,06-08-22_14-56-07
56,104,06-08-22_14-56-07
57,63,06-08-22_14-56-07
58,71,06-08-22_14-56-07
59,78,06-08-22_14-56-07
60,91,06-08-22_14-56-07
61,73,06-08-22_14-56-07
62,80,06-08-22_14-56-07
63,84,06-08-22_14-56-07
64,175,06-08-22_14-56-07
65,45,06-08-22_14-56-07
66,77,06-08-22_14-56-07
67,79,06-08-22_14-56-07
68,85,06-08-22_14-56-07
69,102,06-08-22_14-56-07
70,100,06-08-22_14-56-07
71,55,06-08-22_14-56-07
72,41,06-08-22_14-56-07
73,51,06-08-22_14-56-07
74,98,06-08-22_14-56-07
75,96,06-08-22_14-56-07
76,40,06-08-22_14-56-07
77,72,06-08-22_14-56-07
78,63,06-08-22_14-56-07
79,68,06-08-22_14-56-07
80,41,06-08-22_14-56-07
81,40,06-08-22_14-56-07
82,51,06-08-22_14-56-07
83,88,06-08-22_14-56-07
84,60,06-08-22_14-56-07
85,40,06-08-22_14-56-07
1,47,28-07-22_12-26-54
2,41,28-07-22_12-26-54
3,41,28-07-22_12-26-54
4,40,28-07-22_12-26-54
5,40,28-07-22_12-26-54
6,40,28-07-22_12-26-54
7,40,28-07-22_12-26-54
8,40,28-07-22_12-26-54
9,50,28-07-22_12-26-54
1,40,20-08-22_19-13-01
2,40,20-08-22_19-13-01
3,63,20-08-22_19-13-01
4,40,20-08-22_19-13-01
5,40,20-08-22_19-13-01
6,40,20-08-22_19-13-01
7,79,20-08-22_19-13-01
8,40,20-08-22_19-13-01
9,40,20-08-22_19-13-01
10,40,20-08-22_19-13-01
11,40,20-08-22_19-13-01
12,92,20-08-22_19-13-01
13,41,20-08-22_19-13-01
14,40,20-08-22_19-13-01
1,44,23-06-22_22-38-28
2,41,23-06-22_22-38-28
3,81,23-06-22_22-38-28
4,52,23-06-22_22-38-28
5,40,23-06-22_22-38-28
6,71,23-06-22_22-38-28
7,41,23-06-22_22-38-28
8,40,23-06-22_22-38-28
9,40,23-06-22_22-38-28
10,42,23-06-22_22-38-28
11,41,23-06-22_22-38-28
12,78,23-06-22_22-38-28
13,40,23-06-22_22-38-28
14,41,23-06-22_22-38-28
15,41,23-06-22_22-38-28
16,40,23-06-22_22-38-28
17,40,23-06-22_22-38-28
1,40,29-06-22_12-37-30
2,40,29-06-22_12-37-30
3,41,29-06-22_12-37-30
4,40,29-06-22_12-37-30
5,40,29-06-22_12-37-30
6,40,29-06-22_12-37-30
7,45,29-06-22_12-37-30
8,40,29-06-22_12-37-30
9,60,29-06-22_12-37-30
10,40,29-06-22_12-37-30
11,48,29-06-22_12-37-30
12,53,29-06-22_12-37-30
13,40,29-06-22_12-37-30
14,42,29-06-22_12-37-30
15,45,29-06-22_12-37-30
16,70,29-06-22_12-37-30
17,41,29-06-22_12-37-30
18,74,29-06-22_12-37-30
19,43,29-06-22_12-37-30
20,40,29-06-22_12-37-30
21,68,29-06-22_12-37-30
22,40,29-06-22_12-37-30
23,48,29-06-22_12-37-30
24,67,29-06-22_12-37-30
25,70,29-06-22_12-37-30
26,40,29-06-22_12-37-30
27,66,29-06-22_12-37-30
28,40,29-06-22_12-37-30
29,40,29-06-22_12-37-30
30,43,29-06-22_12-37-30
31,40,29-06-22_12-37-30
32,58,29-06-22_12-37-30
33,40,29-06-22_12-37-30
34,80,29-06-22_12-37-30
35,40,29-06-22_12-37-30
36,40,29-06-22_12-37-30
37,41,29-06-22_12-37-30
38,61,29-06-22_12-37-30
39,40,29-06-22_12-37-30
40,78,29-06-22_12-37-30
41,40,29-06-22_12-37-30
42,73,29-06-22_12-37-30
43,68,29-06-22_12-37-30
44,61,29-06-22_12-37-30
45,40,29-06-22_12-37-30
46,99,29-06-22_12-37-30
47,40,29-06-22_12-37-30
1,54,24-06-22_21-22-41
2,128,24-06-22_21-22-41
3,50,24-06-22_21-22-41
4,40,24-06-22_21-22-41
5,46,24-06-22_21-22-41
6,85,24-06-22_21-22-41
7,40,24-06-22_21-22-41
8,89,24-06-22_21-22-41
9,40,24-06-22_21-22-41
10,40,24-06-22_21-22-41
11,40,24-06-22_21-22-41
12,119,24-06-22_21-22-41
13,54,24-06-22_21-22-41
14,40,24-06-22_21-22-41
15,40,24-06-22_21-22-41
16,40,24-06-22_21-22-41
17,40,24-06-22_21-22-41
18,40,24-06-22_21-22-41
19,40,24-06-22_21-22-41
20,40,24-06-22_21-22-41
21,40,24-06-22_21-22-41
22,40,24-06-22_21-22-41
23,70,24-06-22_21-22-41
24,68,24-06-22_21-22-41
25,40,24-06-22_21-22-41
26,40,24-06-22_21-22-41
27,41,24-06-22_21-22-41
28,52,24-06-22_21-22-41
29,40,24-06-22_21-22-41
30,40,24-06-22_21-22-41
31,58,24-06-22_21-22-41
32,40,24-06-22_21-22-41
33,40,24-06-22_21-22-41
34,41,24-06-22_21-22-41
35,44,24-06-22_21-22-41
36,40,24-06-22_21-22-41
37,55,24-06-22_21-22-41
38,100,24-06-22_21-22-41
39,40,24-06-22_21-22-41
1,40,29-07-22_19-00-43
2,41,29-07-22_19-00-43
3,70,29-07-22_19-00-43
4,41,29-07-22_19-00-43
5,55,29-07-22_19-00-43
1,99,27-07-22_20-24-07
1,40,26-06-22_17-08-51
2,41,26-06-22_17-08-51
3,60,26-06-22_17-08-51
4,40,26-06-22_17-08-51
5,40,26-06-22_17-08-51
6,191,26-06-22_17-08-51
7,40,26-06-22_17-08-51
8,40,26-06-22_17-08-51
9,42,26-06-22_17-08-51
10,64,26-06-22_17-08-51
11,41,26-06-22_17-08-51
12,41,26-06-22_17-08-51
13,90,26-06-22_17-08-51
14,76,26-06-22_17-08-51
15,142,26-06-22_17-08-51
16,40,26-06-22_17-08-51
17,45,26-06-22_17-08-51
18,41,26-06-22_17-08-51
19,79,26-06-22_17-08-51
20,41,26-06-22_17-08-51
1,41,24-06-22_19-00-57
2,40,24-06-22_19-00-57
3,40,24-06-22_19-00-57
4,40,24-06-22_19-00-57
5,40,24-06-22_19-00-57
6,40,24-06-22_19-00-57
7,40,24-06-22_19-00-57
8,40,24-06-22_19-00-57
9,40,24-06-22_19-00-57
10,59,24-06-22_19-00-57
11,58,24-06-22_19-00-57
12,40,24-06-22_19-00-57
13,40,24-06-22_19-00-57
14,43,24-06-22_19-00-57
15,97,24-06-22_19-00-57
16,79,24-06-22_19-00-57
17,56,24-06-22_19-00-57
18,70,24-06-22_19-00-57
19,40,24-06-22_19-00-57
20,41,24-06-22_19-00-57
21,68,24-06-22_19-00-57
22,78,24-06-22_19-00-57
23,100,24-06-22_19-00-57
24,52,24-06-22_19-00-57
25,62,24-06-22_19-00-57
26,40,24-06-22_19-00-57
27,40,24-06-22_19-00-57
28,41,24-06-22_19-00-57
29,132,24-06-22_19-00-57
30,54,24-06-22_19-00-57
31,61,24-06-22_19-00-57
32,41,24-06-22_19-00-57
33,40,24-06-22_19-00-57
34,40,24-06-22_19-00-57
35,43,24-06-22_19-00-57
36,45,24-06-22_19-00-57
37,40,24-06-22_19-00-57
1,40,29-07-22_16-48-16
2,40,29-07-22_16-48-16
3,40,29-07-22_16-48-16
4,40,29-07-22_16-48-16
1,41,19-05-22_14-22-39
2,40,19-05-22_14-22-39
3,40,19-05-22_14-22-39
4,40,19-05-22_14-22-39
1,40,30-07-22_13-15-17
2,40,30-07-22_13-15-17
3,40,30-07-22_13-15-17
4,40,30-07-22_13-15-17
5,42,30-07-22_13-15-17
6,40,30-07-22_13-15-17
7,68,30-07-22_13-15-17
8,43,30-07-22_13-15-17
9,40,30-07-22_13-15-17
10,42,30-07-22_13-15-17
11,40,30-07-22_13-15-17
12,40,30-07-22_13-15-17
1,40,14-05-22_18-47-48
2,43,14-05-22_18-47-48
3,138,14-05-22_18-47-48
4,78,14-05-22_18-47-48
5,63,14-05-22_18-47-48
6,69,14-05-22_18-47-48
7,48,14-05-22_18-47-48
8,223,14-05-22_18-47-48
9,72,14-05-22_18-47-48
10,46,14-05-22_18-47-48
11,40,14-05-22_18-47-48
12,218,14-05-22_18-47-48
13,55,14-05-22_18-47-48
14,173,14-05-22_18-47-48
15,40,14-05-22_18-47-48
16,43,14-05-22_18-47-48
17,51,14-05-22_18-47-48
18,41,14-05-22_18-47-48
19,40,14-05-22_18-47-48
20,41,14-05-22_18-47-48
1,78,01-08-22_19-04-58
2,40,01-08-22_19-04-58
3,68,01-08-22_19-04-58
4,41,01-08-22_19-04-58
5,41,01-08-22_19-04-58
6,139,01-08-22_19-04-58
7,40,01-08-22_19-04-58
1,40,30-07-22_12-12-10
2,41,30-07-22_12-12-10
3,42,30-07-22_12-12-10
1,41,24-06-22_23-56-47
1,89,20-08-22_15-42-01
2,60,20-08-22_15-42-01
3,40,20-08-22_15-42-01
4,40,20-08-22_15-42-01
5,99,20-08-22_15-42-01
6,67,20-08-22_15-42-01
7,40,20-08-22_15-42-01
8,54,20-08-22_15-42-01
9,40,20-08-22_15-42-01
10,40,20-08-22_15-42-01
11,71,20-08-22_15-42-01
12,81,20-08-22_15-42-01
13,62,20-08-22_15-42-01
14,44,20-08-22_15-42-01
15,40,20-08-22_15-42-01
16,42,20-08-22_15-42-01
17,40,20-08-22_15-42-01
18,42,20-08-22_15-42-01
19,40,20-08-22_15-42-01
20,40,20-08-22_15-42-01
1,60,28-07-22_18-38-48
1,40,30-07-22_17-55-03
2,122,30-07-22_17-55-03
3,78,30-07-22_17-55-03
4,54,30-07-22_17-55-03
5,80,30-07-22_17-55-03
6,59,30-07-22_17-55-03
7,40,30-07-22_17-55-03
8,41,30-07-22_17-55-03
9,40,30-07-22_17-55-03
10,40,30-07-22_17-55-03
11,40,30-07-22_17-55-03
1,61,28-06-22_17-38-08
2,85,28-06-22_17-38-08
3,40,28-06-22_17-38-08
4,139,28-06-22_17-38-08
5,99,28-06-22_17-38-08
6,110,28-06-22_17-38-08
7,40,28-06-22_17-38-08
8,42,28-06-22_17-38-08
9,45,28-06-22_17-38-08
10,40,28-06-22_17-38-08
11,61,28-06-22_17-38-08
12,40,28-06-22_17-38-08
13,40,28-06-22_17-38-08
14,40,28-06-22_17-38-08
15,89,28-06-22_17-38-08
16,65,28-06-22_17-38-08
17,41,28-06-22_17-38-08
18,40,28-06-22_17-38-08
19,40,28-06-22_17-38-08
20,40,28-06-22_17-38-08
21,40,28-06-22_17-38-08
22,40,28-06-22_17-38-08
23,40,28-06-22_17-38-08
24,40,28-06-22_17-38-08
25,123,28-06-22_17-38-08
26,40,28-06-22_17-38-08
27,40,28-06-22_17-38-08
28,40,28-06-22_17-38-08
29,120,28-06-22_17-38-08
30,41,28-06-22_17-38-08
31,40,28-06-22_17-38-08
32,40,28-06-22_17-38-08
33,40,28-06-22_17-38-08
34,41,28-06-22_17-38-08
35,57,28-06-22_17-38-08
36,40,28-06-22_17-38-08
37,58,28-06-22_17-38-08
38,40,28-06-22_17-38-08
39,44,28-06-22_17-38-08
40,69,28-06-22_17-38-08
41,40,28-06-22_17-38-08
42,40,28-06-22_17-38-08
43,72,28-06-22_17-38-08
44,121,28-06-22_17-38-08
45,40,28-06-22_17-38-08
46,87,28-06-22_17-38-08
47,48,28-06-22_17-38-08
48,91,28-06-22_17-38-08
49,118,28-06-22_17-38-08
50,41,28-06-22_17-38-08
1,40,24-06-22_23-28-05
2,56,24-06-22_23-28-05
3,41,24-06-22_23-28-05
4,41,24-06-22_23-28-05
5,64,24-06-22_23-28-05
6,40,24-06-22_23-28-05
1,110,20-07-22_21-00-35
2,41,20-07-22_21-00-35
3,88,20-07-22_21-00-35
4,56,20-07-22_21-00-35
5,56,20-07-22_21-00-35
6,125,20-07-22_21-00-35
7,86,20-07-22_21-00-35
1,40,01-08-22_09-55-56
1,112,27-07-22_20-39-48
2,41,27-07-22_20-39-48
3,40,27-07-22_20-39-48
4,40,27-07-22_20-39-48
5,40,27-07-22_20-39-48
6,40,27-07-22_20-39-48
7,58,27-07-22_20-39-48
8,40,27-07-22_20-39-48
1,40,20-06-22_23-44-19
2,41,20-06-22_23-44-19
1,40,31-07-22_17-09-50
2,40,31-07-22_17-09-50
3,66,31-07-22_17-09-50
4,695,31-07-22_17-09-50
5,77,31-07-22_17-09-50
6,508,31-07-22_17-09-50
7,59,31-07-22_17-09-50
8,105,31-07-22_17-09-50
9,40,31-07-22_17-09-50
10,40,31-07-22_17-09-50
11,96,31-07-22_17-09-50
12,222,31-07-22_17-09-50
13,143,31-07-22_17-09-50
14,121,31-07-22_17-09-50
15,132,31-07-22_17-09-50
16,175,31-07-22_17-09-50
17,40,31-07-22_17-09-50
1,40,29-07-22_14-19-31
2,40,29-07-22_14-19-31
1,112,20-05-22_18-38-12
2,40,20-05-22_18-38-12
3,50,20-05-22_18-38-12
4,40,20-05-22_18-38-12
5,42,20-05-22_18-38-12
6,60,20-05-22_18-38-12
7,40,20-05-22_18-38-12
8,60,20-05-22_18-38-12
9,40,20-05-22_18-38-12
10,40,20-05-22_18-38-12
11,40,20-05-22_18-38-12
12,56,20-05-22_18-38-12
13,67,20-05-22_18-38-12
14,40,20-05-22_18-38-12
15,40,20-05-22_18-38-12
16,67,20-05-22_18-38-12
17,41,20-05-22_18-38-12
18,40,20-05-22_18-38-12
19,40,20-05-22_18-38-12
20,101,20-05-22_18-38-12
21,122,20-05-22_18-38-12
22,83,20-05-22_18-38-12
23,40,20-05-22_18-38-12
24,40,20-05-22_18-38-12
25,119,20-05-22_18-38-12
26,55,20-05-22_18-38-12
27,97,20-05-22_18-38-12
28,82,20-05-22_18-38-12
29,40,20-05-22_18-38-12
30,158,20-05-22_18-38-12
31,56,20-05-22_18-38-12
32,45,20-05-22_18-38-12
33,55,20-05-22_18-38-12
34,47,20-05-22_18-38-12
35,61,20-05-22_18-38-12
36,56,20-05-22_18-38-12
37,40,20-05-22_18-38-12
38,74,20-05-22_18-38-12
39,61,20-05-22_18-38-12
40,41,20-05-22_18-38-12
41,40,20-05-22_18-38-12
42,40,20-05-22_18-38-12
43,78,20-05-22_18-38-12
44,73,20-05-22_18-38-12
45,109,20-05-22_18-38-12
46,43,20-05-22_18-38-12
47,55,20-05-22_18-38-12
48,40,20-05-22_18-38-12
49,71,20-05-22_18-38-12
50,40,20-05-22_18-38-12
51,46,20-05-22_18-38-12
52,75,20-05-22_18-38-12
53,66,20-05-22_18-38-12
54,105,20-05-22_18-38-12
55,50,20-05-22_18-38-12
56,59,20-05-22_18-38-12
57,42,20-05-22_18-38-12
58,45,20-05-22_18-38-12
59,76,20-05-22_18-38-12
60,41,20-05-22_18-38-12
61,40,20-05-22_18-38-12
62,143,20-05-22_18-38-12
63,40,20-05-22_18-38-12
64,44,20-05-22_18-38-12
65,76,20-05-22_18-38-12
66,57,20-05-22_18-38-12
67,47,20-05-22_18-38-12
68,159,20-05-22_18-38-12
69,92,20-05-22_18-38-12
70,40,20-05-22_18-38-12
71,40,20-05-22_18-38-12
72,45,20-05-22_18-38-12
73,43,20-05-22_18-38-12
74,74,20-05-22_18-38-12
75,40,20-05-22_18-38-12
76,40,20-05-22_18-38-12
77,45,20-05-22_18-38-12
1,40,14-05-22_19-57-37
2,40,14-05-22_19-57-37
3,103,14-05-22_19-57-37
4,88,14-05-22_19-57-37
5,41,14-05-22_19-57-37
6,57,14-05-22_19-57-37
7,136,14-05-22_19-57-37
8,42,14-05-22_19-57-37
9,40,14-05-22_19-57-37
10,196,14-05-22_19-57-37
11,61,14-05-22_19-57-37
12,90,14-05-22_19-57-37
13,60,14-05-22_19-57-37
14,41,14-05-22_19-57-37
15,162,14-05-22_19-57-37
16,180,14-05-22_19-57-37
17,40,14-05-22_19-57-37
18,40,14-05-22_19-57-37
19,55,14-05-22_19-57-37
1,43,29-06-22_18-22-34
2,53,29-06-22_18-22-34
3,54,29-06-22_18-22-34
4,40,29-06-22_18-22-34
5,40,29-06-22_18-22-34
6,40,29-06-22_18-22-34
7,40,29-06-22_18-22-34
8,40,29-06-22_18-22-34
9,40,29-06-22_18-22-34
10,41,29-06-22_18-22-34
11,43,29-06-22_18-22-34
12,40,29-06-22_18-22-34
13,49,29-06-22_18-22-34
14,143,29-06-22_18-22-34
15,40,29-06-22_18-22-34
16,40,29-06-22_18-22-34
17,121,29-06-22_18-22-34
18,40,29-06-22_18-22-34
19,45,29-06-22_18-22-34
20,90,29-06-22_18-22-34
21,75,29-06-22_18-22-34
1,40,20-08-22_14-38-27
2,60,20-08-22_14-38-27
3,73,20-08-22_14-38-27
4,178,20-08-22_14-38-27
5,40,20-08-22_14-38-27
6,41,20-08-22_14-38-27
7,40,20-08-22_14-38-27
8,40,20-08-22_14-38-27
9,40,20-08-22_14-38-27
10,40,20-08-22_14-38-27
11,40,20-08-22_14-38-27
12,41,20-08-22_14-38-27
13,102,20-08-22_14-38-27
14,72,20-08-22_14-38-27
15,40,20-08-22_14-38-27
16,57,20-08-22_14-38-27
17,89,20-08-22_14-38-27
18,200,20-08-22_14-38-27
19,42,20-08-22_14-38-27
20,74,20-08-22_14-38-27
21,106,20-08-22_14-38-27
22,53,20-08-22_14-38-27
1,41,28-07-22_17-31-28
2,40,28-07-22_17-31-28
1,117,30-07-22_14-23-04
2,40,30-07-22_14-23-04
3,40,30-07-22_14-23-04
4,53,30-07-22_14-23-04
5,40,30-07-22_14-23-04
6,40,30-07-22_14-23-04
7,40,30-07-22_14-23-04
8,40,30-07-22_14-23-04
9,144,30-07-22_14-23-04
10,42,30-07-22_14-23-04
11,41,30-07-22_14-23-04
1,41,14-05-22_21-28-10
1,40,29-07-22_13-01-53
1,40,17-05-22_17-02-09
2,40,17-05-22_17-02-09
3,46,17-05-22_17-02-09
1,107,23-06-22_19-43-49
2,40,23-06-22_19-43-49
3,96,23-06-22_19-43-49
4,71,23-06-22_19-43-49
5,40,23-06-22_19-43-49
6,85,23-06-22_19-43-49
7,65,23-06-22_19-43-49
8,49,23-06-22_19-43-49
9,40,23-06-22_19-43-49
10,81,23-06-22_19-43-49
11,40,23-06-22_19-43-49
12,40,23-06-22_19-43-49
13,57,23-06-22_19-43-49
14,40,23-06-22_19-43-49
15,40,23-06-22_19-43-49
16,73,23-06-22_19-43-49
17,79,23-06-22_19-43-49
18,50,23-06-22_19-43-49
19,51,23-06-22_19-43-49
20,51,23-06-22_19-43-49
21,42,23-06-22_19-43-49
22,40,23-06-22_19-43-49
23,142,23-06-22_19-43-49
24,40,23-06-22_19-43-49
25,40,23-06-22_19-43-49
26,75,23-06-22_19-43-49
27,65,23-06-22_19-43-49
28,97,23-06-22_19-43-49
29,40,23-06-22_19-43-49
30,59,23-06-22_19-43-49
31,40,23-06-22_19-43-49
32,40,23-06-22_19-43-49
33,76,23-06-22_19-43-49
34,81,23-06-22_19-43-49
35,40,23-06-22_19-43-49
36,40,23-06-22_19-43-49
37,40,23-06-22_19-43-49
38,40,23-06-22_19-43-49
39,40,23-06-22_19-43-49
40,40,23-06-22_19-43-49
41,50,23-06-22_19-43-49
42,40,23-06-22_19-43-49
43,54,23-06-22_19-43-49
44,40,23-06-22_19-43-49
1,58,19-05-22_19-32-43
2,40,19-05-22_19-32-43
3,40,19-05-22_19-32-43
4,65,19-05-22_19-32-43
5,40,19-05-22_19-32-43
6,74,19-05-22_19-32-43
7,73,19-05-22_19-32-43
8,41,19-05-22_19-32-43
9,40,19-05-22_19-32-43
10,40,19-05-22_19-32-43
11,62,19-05-22_19-32-43
12,40,19-05-22_19-32-43
13,69,19-05-22_19-32-43
14,76,19-05-22_19-32-43
15,60,19-05-22_19-32-43
16,96,19-05-22_19-32-43
17,40,19-05-22_19-32-43
18,40,19-05-22_19-32-43
19,41,19-05-22_19-32-43
20,40,19-05-22_19-32-43
21,41,19-05-22_19-32-43
22,106,19-05-22_19-32-43
23,65,19-05-22_19-32-43
24,40,19-05-22_19-32-43
25,112,19-05-22_19-32-43
26,40,19-05-22_19-32-43
27,67,19-05-22_19-32-43
28,41,19-05-22_19-32-43
29,53,19-05-22_19-32-43
30,65,19-05-22_19-32-43
31,40,19-05-22_19-32-43
32,42,19-05-22_19-32-43
33,40,19-05-22_19-32-43
34,90,19-05-22_19-32-43
35,64,19-05-22_19-32-43
36,57,19-05-22_19-32-43
37,40,19-05-22_19-32-43
38,49,19-05-22_19-32-43
39,40,19-05-22_19-32-43
40,62,19-05-22_19-32-43
41,62,19-05-22_19-32-43
42,53,19-05-22_19-32-43
43,40,19-05-22_19-32-43
44,58,19-05-22_19-32-43
45,42,19-05-22_19-32-43
46,40,19-05-22_19-32-43
47,86,19-05-22_19-32-43
48,61,19-05-22_19-32-43
49,89,19-05-22_19-32-43
50,113,19-05-22_19-32-43
51,78,19-05-22_19-32-43
52,41,19-05-22_19-32-43
53,41,19-05-22_19-32-43
54,142,19-05-22_19-32-43
55,40,19-05-22_19-32-43
56,41,19-05-22_19-32-43
57,45,19-05-22_19-32-43
58,186,19-05-22_19-32-43
59,40,19-05-22_19-32-43
60,40,19-05-22_19-32-43
61,41,19-05-22_19-32-43
62,49,19-05-22_19-32-43
63,40,19-05-22_19-32-43
1,40,28-06-22_17-06-53
2,57,28-06-22_17-06-53
3,41,28-06-22_17-06-53
4,40,28-06-22_17-06-53
5,46,28-06-22_17-06-53
6,40,28-06-22_17-06-53
7,74,28-06-22_17-06-53
8,54,28-06-22_17-06-53
9,40,28-06-22_17-06-53
10,40,28-06-22_17-06-53
11,181,28-06-22_17-06-53
12,40,28-06-22_17-06-53
13,41,28-06-22_17-06-53
1,40,29-07-22_21-02-27
1,40,29-07-22_19-58-21
2,46,29-07-22_19-58-21
3,40,29-07-22_19-58-21
4,40,29-07-22_19-58-21
5,40,29-07-22_19-58-21
6,40,29-07-22_19-58-21
1,40,31-07-22_19-12-07
2,42,31-07-22_19-12-07
3,41,31-07-22_19-12-07
4,40,31-07-22_19-12-07
5,53,31-07-22_19-12-07
6,57,31-07-22_19-12-07
7,41,31-07-22_19-12-07
8,40,31-07-22_19-12-07
9,101,31-07-22_19-12-07
10,41,31-07-22_19-12-07
11,40,31-07-22_19-12-07
12,41,31-07-22_19-12-07
13,40,31-07-22_19-12-07
1,40,15-05-22_21-24-28
2,40,15-05-22_21-24-28
3,41,15-05-22_21-24-28
4,41,15-05-22_21-24-28
5,113,15-05-22_21-24-28
6,40,15-05-22_21-24-28
7,42,15-05-22_21-24-28
8,40,15-05-22_21-24-28
9,41,15-05-22_21-24-28
10,40,15-05-22_21-24-28
11,40,15-05-22_21-24-28
12,40,15-05-22_21-24-28
13,97,15-05-22_21-24-28
14,40,15-05-22_21-24-28
15,41,15-05-22_21-24-28
16,65,15-05-22_21-24-28
17,96,15-05-22_21-24-28
18,40,15-05-22_21-24-28
19,40,15-05-22_21-24-28
20,40,15-05-22_21-24-28
21,89,15-05-22_21-24-28
22,78,15-05-22_21-24-28
23,87,15-05-22_21-24-28
1,50,28-07-22_16-28-54
2,42,28-07-22_16-28-54
3,68,28-07-22_16-28-54
4,40,28-07-22_16-28-54
5,40,28-07-22_16-28-54
1,40,19-08-22_19-44-25
2,41,19-08-22_19-44-25
3,108,19-08-22_19-44-25
4,41,19-08-22_19-44-25
5,41,19-08-22_19-44-25
6,40,19-08-22_19-44-25
7,40,19-08-22_19-44-25
8,40,19-08-22_19-44-25
9,40,19-08-22_19-44-25
10,40,19-08-22_19-44-25
11,40,19-08-22_19-44-25
12,50,19-08-22_19-44-25
13,72,19-08-22_19-44-25
14,51,19-08-22_19-44-25
15,84,19-08-22_19-44-25
16,54,19-08-22_19-44-25
17,41,19-08-22_19-44-25
18,41,19-08-22_19-44-25
19,40,19-08-22_19-44-25
20,41,19-08-22_19-44-25
21,41,19-08-22_19-44-25
22,40,19-08-22_19-44-25
23,40,19-08-22_19-44-25
24,59,19-08-22_19-44-25
25,41,19-08-22_19-44-25
26,40,19-08-22_19-44-25
27,42,19-08-22_19-44-25
1,46,13-05-22_21-26-18
2,45,13-05-22_21-26-18
3,40,13-05-22_21-26-18
4,40,13-05-22_21-26-18
5,54,13-05-22_21-26-18
6,48,13-05-22_21-26-18
7,40,13-05-22_21-26-18
8,88,13-05-22_21-26-18
9,41,13-05-22_21-26-18
10,101,13-05-22_21-26-18
11,146,13-05-22_21-26-18
12,62,13-05-22_21-26-18
